service,date,user_id
github.com,2023-07-24,wschwanghart
github.com,2023-07-24,mohseniaref
github.com,2023-07-24,yadavhimanshu059
github.com,2023-07-24,potassco
github.com,2023-07-24,brechtknecht
github.com,2023-07-24,ctiedt
github.com,2023-07-24,hsleonis
github.com,2023-07-24,braunfuss
github.com,2023-07-24,hydrogo
github.com,2023-07-24,resfahani
github.com,2023-07-24,bptlab
github.com,2023-07-24,hannesharnisch
github.com,2023-07-24,ezair
github.com,2023-07-24,mmrabe
github.com,2023-07-24,CaptainUnbrauchbar
github.com,2023-07-24,Rullec
github.com,2023-07-24,maxseidler
github.com,2023-07-24,mittelmark
github.com,2023-07-24,DanieleMaselli
github.com,2023-07-24,a-klaus
github.com,2023-07-24,maximilian-gelbrecht
github.com,2023-07-24,discourse-lab
github.com,2023-07-24,davidschlangen
github.com,2023-07-24,NicoNico6
github.com,2023-07-24,hatschito
github.com,2023-07-24,abrarhasinkml
github.com,2023-07-24,87surendra
github.com,2023-07-24,krr-up
github.com,2023-07-24,Timmate
github.com,2023-07-24,alexanderc360
github.com,2023-07-24,NAMEhzj
github.com,2023-07-24,richilino
github.com,2023-07-24,fsr-de
github.com,2023-07-24,SemjonWilke
github.com,2023-07-24,annameide
github.com,2023-07-24,PaulOpu
github.com,2023-07-24,cslm-lab
github.com,2023-07-24,YanaPalacheva
github.com,2023-07-24,maibrittbergh
github.com,2023-07-24,paulalisson
github.com,2023-07-24,itakouna
github.com,2023-07-24,UP-RS-ESP
github.com,2023-07-24,jannametz
github.com,2023-07-24,aeye-lab
github.com,2023-07-24,ClemensKubach
github.com,2023-07-24,paulrozdeba
github.com,2023-07-24,georgt99
github.com,2023-07-24,lucasliebe
github.com,2023-07-24,Alaa-Noor
github.com,2023-07-24,majorsl
github.com,2023-07-24,Bostame
github.com,2023-07-24,rafiberlin
github.com,2023-07-24,030jmk
github.com,2023-07-24,sebas524
github.com,2023-07-24,thogaertner
github.com,2023-07-24,UP-macroecology
github.com,2023-07-24,OST-Observatory
github.com,2023-07-24,swilharm
github.com,2023-07-24,yerkesoul
github.com,2023-07-24,NHoose
github.com,2023-07-24,SaswatDash1998
github.com,2023-07-24,NinaHarlacher
github.com,2023-07-24,s18neel
github.com,2023-07-24,sodhinchu
github.com,2023-07-24,SemanticMultimedia
github.com,2023-07-24,JenniferPohle
github.com,2023-07-24,goldencm
github.com,2023-07-24,benlowit
github.com,2023-07-24,MLCogUP
github.com,2023-07-24,matthiashimmelmann
github.com,2023-07-24,jesse292cmd
github.com,2023-07-24,tasnimul-unipotsdam
github.com,2023-07-24,alexkorga
github.com,2023-07-24,Aionbe
github.com,2023-07-24,Encotric
github.com,2023-07-24,charliederhund
github.com,2023-07-24,gwastro-2019
github.com,2023-07-24,FalkMaximilian
github.com,2023-07-24,RalfRothenberger
github.com,2023-07-24,Hugo-Robalino
github.com,2023-07-24,eileenkammel
github.com,2023-07-24,ChrisYanLuc
github.com,2023-07-24,daqinghou
github.com,2023-07-24,shahriar-96
github.com,2023-07-24,iuliia-mozhina
github.com,2023-07-24,DavidLeonhard
github.com,2023-07-24,NazaninBm
github.com,2023-07-24,Adrian-Abendroth
github.com,2023-07-24,omseeth
github.com,2023-07-24,soslavsk
github.com,2023-07-24,Piggiosauro
github.com,2023-07-24,nonbinarywave
github.com,2023-07-24,MalteZimmermann
github.com,2023-07-24,jmm-b
github.com,2023-07-24,Azarozo19
github.com,2023-07-24,Software-Engineering-Group-UP
github.com,2023-07-24,KlausDufke
github.com,2023-07-24,AStAUP-IT
github.com,2023-07-24,Ma-Hansen
github.com,2023-07-24,chpfaff98
github.com,2023-07-24,edward-loves-github
github.com,2023-07-24,flgebhardt
github.com,2023-07-24,gustavmogull
github.com,2023-07-24,fosler
github.com,2023-07-24,Hazem0803
github.com,2023-07-24,danieljanko98
github.com,2023-07-24,MGx01
github.com,2023-07-24,Diego635
