user_id,date,service
ocefpaf,2023-10-12,GitHub.com
conda-forge-admin,2023-10-12,GitHub.com
jan-janssen,2023-10-12,GitHub.com
scopatz,2023-10-12,GitHub.com
chrisburr,2023-10-12,GitHub.com
jakirkham,2023-10-12,GitHub.com
cbrueffer,2023-10-12,GitHub.com
isuruf,2023-10-12,GitHub.com
thewchan,2023-10-12,GitHub.com
bgruening,2023-10-12,GitHub.com
dopplershift,2023-10-12,GitHub.com
synapticarbors,2023-10-12,GitHub.com
xhochy,2023-10-12,GitHub.com
BastianZim,2023-10-12,GitHub.com
beckermr,2023-10-12,GitHub.com
goanpeca,2023-10-12,GitHub.com
pmlandwehr,2023-10-12,GitHub.com
sodre,2023-10-12,GitHub.com
mariusvniekerk,2023-10-12,GitHub.com
jaimergp,2023-10-12,GitHub.com
dbast,2023-10-12,GitHub.com
marcelotrevisani,2023-10-12,GitHub.com
hmaarrfk,2023-10-12,GitHub.com
dpryan79,2023-10-12,GitHub.com
traversaro,2023-10-12,GitHub.com
bollwyvl,2023-10-12,GitHub.com
wolfv,2023-10-12,GitHub.com
Tobias-Fischer,2023-10-12,GitHub.com
rluria14,2023-10-12,GitHub.com
carterbox,2023-10-12,GitHub.com
